WD232,Business Information Systems                         261      261                            ,,
WD232,Business Information Systems                         261      261                            ,,
WD232,Business Information Systems                         261      261                            ,,
WD232,Business Information Systems                         261      261                            ,,
WD232,Business Information Systems                         261      261                            ,,
WD232,Business Information Systems                         261      261                            ,,
WD232,Business Information Systems                         261      261                            ,,
WD232,Business Information Systems                         261      261                            ,,
WD232,Business Information Systems                         261      261                            ,,
WD232,Business Information Systems                         261      261                            ,,
WD232,Business Information Systems                         261      261                            ,,
WD232,Business Information Systems                         261      261                            ,,
WD232,Business Information Systems                         261      261                            ,,
WD232,Business Information Systems                         261      261                            ,,
WD232,Business Information Systems                         261      261                            ,,
WD232,Business Information Systems                         261      261                            ,,
WD232,Business Information Systems                         261      261                            ,,
WD232,Business Information Systems                         261      261                            ,,
WD232,Business Information Systems                         261      261                            ,,
WD232,Business Information Systems                         261      261                            ,,
WD232,Business Information Systems                         261      261                            ,,
WD232,Business Information Systems                         261      261                            ,,
WD232,Business Information Systems                         261      261                            ,,
WD232,Business Information Systems                         261      261                            ,,
WD232,Business Information Systems                         261      261                            ,,
WD232,Business Information Systems                         261      261                            ,,
WD232,Business Information Systems                         261      261                            ,,
WD232,Business Information Systems                         261      261                            ,,
WD232,Business Information Systems                         261      261                            ,,
WD232,Business Information Systems                         261      261                            ,,
WD232,Business Information Systems                         261      261                            ,,
WD232,Business Information Systems                         261      261                            ,,
WD232,Business Information Systems                         261      261                            ,,
WD232,Business Information Systems                         261      261                            ,,
WD232,Business Information Systems                         261      261                            ,,
WD232,Business Information Systems                         261      261                            ,,
WD232,Business Information Systems                         261      261                            ,,
WD232,Business Information Systems                         261      261                            ,,
WD232,Business Information Systems                         261      261                            ,,
WD232,Business Information Systems                         261      261                            ,,
WD232,Business Information Systems                         261      261                            ,,
WD232,Business Information Systems                         261      261                            ,,
WD232,Business Information Systems                         261      261                            ,,
WD232,Business Information Systems                         261      261                            ,,
WD232,Business Information Systems                         261      261                            ,,
WD232,Business Information Systems                         261      261                            ,,
WD232,Business Information Systems                         261      261                            ,,
WD232,Business Information Systems                         261      261                            ,,
WD232,Business Information Systems                         261      261                            ,,
WD232,Business Information Systems                         261      261                            ,,
WD232,Business Information Systems                         261      261                            ,,
WD232,Business Information Systems                         261      261                            ,,
WD232,Business Information Systems                         261      261                            ,,
WD232,Business Information Systems                         261      261                            ,,
WD232,Business Information Systems                         261      261                            ,,
WD232,Business Information Systems                         261      261                            ,,
WD232,Business Information Systems                         261      261                            ,,
WD232,Business Information Systems                         261      261                            ,,
WD232,Business Information Systems                         261      261                            ,,
WD232,Business Information Systems                         261      261                            ,,
WD232,Business Information Systems                         261      261                            ,,
WD232,Business Information Systems                         261      261                            ,,
WD232,Business Information Systems                         261      261                            ,,
WD232,Business Information Systems                         261      261                            ,,
WD232,Business Information Systems                         261      261                            ,,
WD232,Business Information Systems                         261      261                            ,,
WD232,Business Information Systems                         261      261                            ,,
WD232,Business Information Systems                         261      261                            ,,
WD232,Business Information Systems                         261      261                            ,,
WD232,Business Information Systems                         261      261                            ,,
WD232,Business Information Systems                         261      261                            ,,
WD232,Business Information Systems                         261      261                            ,,
WD232,Business Information Systems                         261      261                            ,,
WD232,Business Information Systems                         261      261                            ,,
WD232,Business Information Systems                         261      261                            ,,
WD232,Business Information Systems                         261      261                            ,,
WD232,Business Information Systems                         261      261                            ,,
WD232,Business Information Systems                         261      261                            ,,
WD232,Business Information Systems                         261      261                            ,,
WD232,Business Information Systems                         261      261                            ,,
WD232,Business Information Systems                         261      261                            ,,
WD232,Business Information Systems                         261      261                            ,,
WD232,Business Information Systems                         261      261                            ,,
WD232,Business Information Systems                         261      261                            ,,
WD232,Business Information Systems                         261      261                            ,,
WD232,Business Information Systems                         261      261                            ,,
WD232,Business Information Systems                         261      261                            ,,
WD232,Business Information Systems                         261      261                            ,,
WD232,Business Information Systems                         261      261                            ,,
WD232,Business Information Systems                         261      261                            ,,
WD232,Business Information Systems                         261      261                            ,,
WD232,Business Information Systems                         261      261                            ,,
WD232,Business Information Systems                         261      261                            ,,
WD232,Business Information Systems                         261      261                            ,,
WD232,Business Information Systems                         261      261                            ,,
WD232,Business Information Systems                         261      261                            ,,
WD232,Business Information Systems                         261      261                            ,,
WD232,Business Information Systems                         261      261                            ,,
WD232,Business Information Systems                         261      261                            ,,
WD232,Business Information Systems                         261      261                            ,,
WD232,Business Information Systems                         261      261                            ,,
WD232,Business Information Systems                         261      261                            ,,
WD232,Business Information Systems                         261      261                            ,,
WD232,Business Information Systems                         261      261                            ,,
WD232,Business Information Systems                         261      261                            ,,
WD232,Business Information Systems                         261      261                            ,,
WD232,Business Information Systems                         261      261                            ,,
WD232,Business Information Systems                         261      261                            ,,
WD232,Business Information Systems                         261      261                            ,,
WD232,Business Information Systems                         261      261                            ,,
WD232,Business Information Systems                         261      261                            ,,
WD232,Business Information Systems                         261      261                            ,,
WD232,Business Information Systems                         261      261                            ,,
WD232,Business Information Systems                         261      261                            ,,
WD232,Business Information Systems                         261      261                            ,,
WD232,Business Information Systems                         261      261                            ,,
WD232,Business Information Systems                         261      261                            ,,
WD232,Business Information Systems                         261      261                            ,,
WD232,Business Information Systems                         261      261                            ,,
WD232,Business Information Systems                         261      261                            ,,
WD232,Business Information Systems                         261      261                            ,,
WD232,Business Information Systems                         261      261                            ,,
WD232,Business Information Systems                         261      261                            ,,
WD232,Business Information Systems                         261      261                            ,,
WD232,Business Information Systems                         261      261                            ,,
WD232,Business Information Systems                         261      261                            ,,
WD232,Business Information Systems                         261      261                            ,,
WD232,Business Information Systems                         261      261                            ,,
WD232,Business Information Systems                         261      261                            ,,
WD232,Business Information Systems                         261      261                            ,,
WD232,Business Information Systems                         261      261                            ,,
WD232,Business Information Systems                         261      261                            ,,
WD232,Business Information Systems                         261      261                            ,,
WD232,Business Information Systems                         261      261                            ,,
WD232,Business Information Systems                         261      261                            ,,
WD232,Business Information Systems                         261      261                            ,,
WD232,Business Information Systems                         261      261                            ,,
WD232,Business Information Systems                         261      261                            ,,
WD232,Business Information Systems                         261      261                            ,,
WD232,Business Information Systems                         261      261                            ,,
WD232,Business Information Systems                         261      261                            ,,
WD232,Business Information Systems                         261      261                            ,,
WD232,Business Information Systems                         261      261                            ,,
WD232,Business Information Systems                         261      261                            ,,
WD232,Business Information Systems                         261      261                            ,,
WD232,Business Information Systems                         261      261                            ,,
WD232,Business Information Systems                         261      261                            ,,
WD232,Business Information Systems                         261      261                            ,,
WD232,Business Information Systems                         261      261                            ,,
WD232,Business Information Systems                         261      261                            ,,
WD232,Business Information Systems                         261      261                            ,,
WD232,Business Information Systems                         261      261                            ,,
WD232,Business Information Systems                         261      261                            ,,
WD232,Business Information Systems                         261      261                            ,,
WD232,Business Information Systems                         261      261                            ,,
WD232,Business Information Systems                         261      261                            ,,
WD232,Business Information Systems                         261      261                            ,,
WD232,Business Information Systems                         261      261                            ,,
WD232,Business Information Systems                         261      261                            ,,
WD232,Business Information Systems                         261      261                            ,,
WD232,Business Information Systems                         261      261                            ,,
WD232,Business Information Systems                         261      261                            ,,
WD232,Business Information Systems                         261      261                            ,,
WD232,Business Information Systems                         261      261                            ,,
WD232,Business Information Systems                         261      261                            ,,
WD232,Business Information Systems                         261      261                            ,,
WD232,Business Information Systems                         261      261                            ,,
WD232,Business Information Systems                         261      261                            ,,
WD232,Business Information Systems                         261      261                            ,,
WD232,Business Information Systems                         261      261                            ,,
WD232,Business Information Systems                         261      261                            ,,
WD232,Business Information Systems                         261      261                            ,,
WD232,Business Information Systems                         261      261                            ,,
WD232,Business Information Systems                         261      261                            ,,
WD232,Business Information Systems                         261      261                            ,,
WD232,Business Information Systems                         261      261                            ,,
WD232,Business Information Systems                         261      261                            ,,
WD232,Business Information Systems                         261      261                            ,,
WD232,Business Information Systems                         261      261                            ,,
WD232,Business Information Systems                         261      261                            ,,
WD232,Business Information Systems                         261      261                            ,,
WD232,Business Information Systems                         261      261                            ,,
WD232,Business Information Systems                         261      261                            ,,
WD232,Business Information Systems                         261      261                            ,,
WD232,Business Information Systems                         261      261                            ,,
WD232,Business Information Systems                         261      261                            ,,
WD232,Business Information Systems                         261      261                            ,,
WD232,Business Information Systems                         261      261                            ,,
WD232,Business Information Systems                         261      261                            ,,
WD232,Business Information Systems                         261      261                            ,,
WD232,Business Information Systems                         261      261                            ,,
WD232,Business Information Systems                         261      261                            ,,
WD232,Business Information Systems                         261      261                            ,,
WD232,Business Information Systems                         261      261                            ,,
WD232,Business Information Systems                         261      261                            ,,
WD232,Business Information Systems                         261      261                            ,,
WD232,Business Information Systems                         261      261                            ,,
WD232,Business Information Systems                         261      261                            ,,
WD232,Business Information Systems                         261      261                            ,,
WD232,Business Information Systems                         261      261                            ,,
WD232,Business Information Systems                         261      261                            ,,
WD232,Business Information Systems                         261      261                            ,,
WD232,Business Information Systems                         261      261                            ,,
WD232,Business Information Systems                         261      261                            ,,
WD232,Business Information Systems                         261      261                            ,,
WD232,Business Information Systems                         261      261                            ,,
WD232,Business Information Systems                         261      261                            ,,
WD232,Business Information Systems                         261      261                            ,,
WD232,Business Information Systems                         261      261                            ,,
WD232,Business Information Systems                         261      261                            ,,
WD232,Business Information Systems                         261      261                            ,,
WD232,Business Information Systems                         261      261                            ,,
WD232,Business Information Systems                         261      261                            ,,
WD232,Business Information Systems                         261      261                            ,,
WD232,Business Information Systems                         261      261                            ,,
WD232,Business Information Systems                         261      261                            ,,
WD232,Business Information Systems                         261      261                            ,,
WD232,Business Information Systems                         261      261                            ,,
WD232,Business Information Systems                         261      261                            ,,
WD232,Business Information Systems                         261      261                            ,,
WD232,Business Information Systems                         261      261                            ,,
WD232,Business Information Systems                         261      261                            ,,
WD232,Business Information Systems                         261      261                            ,,
WD232,Business Information Systems                         261      261                            ,,
WD232,Business Information Systems                         261      261                            ,,
WD232,Business Information Systems                         261      261                            ,,
WD232,Business Information Systems                         261      261                            ,,
WD232,Business Information Systems                         261      261                            ,,
WD232,Business Information Systems                         261      261                            ,,
WD232,Business Information Systems                         261      261                            ,,
WD232,Business Information Systems                         261      261                            ,,
WD232,Business Information Systems                         261      261                            ,,
WD232,Business Information Systems                         261      261                            ,,
WD232,Business Information Systems                         261      261                            ,,
WD232,Business Information Systems                         261      261                            ,,
WD232,Business Information Systems                         261      261                            ,,
WD232,Business Information Systems                         261      261                            ,,
WD232,Business Information Systems                         261      261                            ,,
WD232,Business Information Systems                         261      261                            ,,
WD232,Business Information Systems                         261      261                            ,,
WD232,Business Information Systems                         261      261                            ,,
WD232,Business Information Systems                         261      261                            ,,
WD232,Business Information Systems                         261      261                            ,,
WD232,Business Information Systems                         261      261                            ,,
WD232,Business Information Systems                         261      261                            ,,
WD232,Business Information Systems                         261      261                            ,,
WD232,Business Information Systems                         261      261                            ,,
WD232,Business Information Systems                         261      261                            ,,
WD232,Business Information Systems                         261      261                            ,,
WD232,Business Information Systems                         261      261                            ,,
WD232,Business Information Systems                         261      261                            ,,
WD232,Business Information Systems                         261      261                            ,,
WD232,Business Information Systems                         261      261                            ,,
WD232,Business Information Systems                         261      261                            ,,
WD232,Business Information Systems                         261      261                            ,,
WD232,Business Information Systems                         261      261                            ,,
WD232,Business Information Systems                         261      261                            ,,
WD232,Business Information Systems                         261      261                            ,,
WD232,Business Information Systems                         261      261                            ,,
WD232,Business Information Systems                         261      261                            ,,
WD232,Business Information Systems                         261      261                            ,,
WD232,Business Information Systems                         261      261                            ,,
WD232,Business Information Systems                         261      261                            ,,
WD232,Business Information Systems                         261      261                            ,,
WD232,Business Information Systems                         261      261                            ,,
WD232,Business Information Systems                         261      261                            ,,
WD232,Business Information Systems                         261      261                            ,,
WD232,Business Information Systems                         261      261                            ,,
WD232,Business Information Systems                         261      261                            ,,
WD232,Business Information Systems                         261      261                            ,,
WD232,Business Information Systems                         261      261                            ,,
WD232,Business Information Systems                         261      261                            ,,
WD232,Business Information Systems                         261      261                            ,,
WD232,Business Information Systems                         261      261                            ,,
WD232,Business Information Systems                         261      261                            ,,
WD232,Business Information Systems                         261      261                            ,,
WD232,Business Information Systems                         261      261                            ,,
WD232,Business Information Systems                         261      261                            ,,
WD232,Business Information Systems                         261      261                            ,,
WD232,Business Information Systems                         261      261                            ,,
WD232,Business Information Systems                         261      261                            ,,
WD232,Business Information Systems                         261      261                            ,,
WD232,Business Information Systems                         261      261                            ,,
WD232,Business Information Systems                         261      261                            ,,
WD232,Business Information Systems                         261      261                            ,,
WD232,Business Information Systems                         261      261                            ,,
WD232,Business Information Systems                         261      261                            ,,
WD232,Business Information Systems                         261      261                            ,,
WD232,Business Information Systems                         261      261                            ,,
WD232,Business Information Systems                         261      261                            ,,
WD232,Business Information Systems                         261      261                            ,,
WD232,Business Information Systems                         261      261                            ,,
WD232,Business Information Systems                         261      261                            ,,
WD232,Business Information Systems                         261      261                            ,,
WD232,Business Information Systems                         261      261                            ,,
WD232,Business Information Systems                         261      261                            ,,
WD232,Business Information Systems                         261      261                            ,,
WD232,Business Information Systems                         261      261                            ,,
WD232,Business Information Systems                         261      261                            ,,
WD232,Business Information Systems                         261      261                            ,,
WD232,Business Information Systems                         261      261                            ,,
WD232,Business Information Systems                         261      261                            ,,
WD232,Business Information Systems                         261      261                            ,,
WD232,Business Information Systems                         261      261                            ,,
WD232,Business Information Systems                         261      261                            ,,
WD232,Business Information Systems                         261      261                            ,,
WD232,Business Information Systems                         261      261                            ,,
WD232,Business Information Systems                         261      261                            ,,
WD232,Business Information Systems                         261      261                            ,,
WD232,Business Information Systems                         261      261                            ,,
WD232,Business Information Systems                         261      261                            ,,
WD232,Business Information Systems                         261      261                            ,,
WD232,Business Information Systems                         261      261                            ,,
WD232,Business Information Systems                         261      261                            ,,
WD232,Business Information Systems                         261      261                            ,,
WD232,Business Information Systems                         261      261                            ,,
WD232,Business Information Systems                         261      261                            ,,
WD232,Business Information Systems                         261      261                            ,,
WD232,Business Information Systems                         261      261                            ,,
WD232,Business Information Systems                         261      261                            ,,
WD232,Business Information Systems                         261      261                            ,,
WD232,Business Information Systems                         261      261                            ,,
WD232,Business Information Systems                         261      261                            ,,
WD232,Business Information Systems                         261      261                            ,,
WD232,Business Information Systems                         261      261                            ,,
WD232,Business Information Systems                         261      261                            ,,
WD232,Business Information Systems                         261      261                            ,,
WD232,Business Information Systems                         261      261                            ,,
WD232,Business Information Systems                         261      261                            ,,
WD232,Business Information Systems                         261      261                            ,,
WD232,Business Information Systems                         261      261                            ,,
WD232,Business Information Systems                         261      261                            ,,
WD232,Business Information Systems                         261      261                            ,,
WD232,Business Information Systems                         261      261                            ,,
WD232,Business Information Systems                         261      261                            ,,
WD232,Business Information Systems                         261      261                            ,,
WD232,Business Information Systems                         261      261                            ,,
WD232,Business Information Systems                         261      261                            ,,
WD232,Business Information Systems                         261      261                            ,,
WD232,Business Information Systems                         261      261                            ,,
WD232,Business Information Systems                         261      261                            ,,
WD232,Business Information Systems                         261      261                            ,,
WD232,Business Information Systems                         261      261                            ,,
WD232,Business Information Systems                         261      261                            ,,
WD232,Business Information Systems                         261      261                            ,,
WD232,Business Information Systems                         261      261                            ,,
WD232,Business Information Systems                         261      261                            ,,
WD232,Business Information Systems                         261      261                            ,,
WD232,Business Information Systems                         261      261                            ,,
WD232,Business Information Systems                         261      261                            ,,
WD232,Business Information Systems                         261      261                            ,,
WD232,Business Information Systems                         261      261                            ,,
WD232,Business Information Systems                         261      261                            ,,
WD232,Business Information Systems                         261      261                            ,,
WD232,Business Information Systems                         261      261                            ,,
WD232,Business Information Systems                         261      261                            ,,
WD232,Business Information Systems                         261      261                            ,,
WD232,Business Information Systems                         261      261                            ,,
WD232,Business Information Systems                         261      261                            ,,
WD232,Business Information Systems                         261      261                            ,,
WD232,Business Information Systems                         261      261                            ,,
WD232,Business Information Systems                         261      261                            ,,
WD232,Business Information Systems                         261      261                            ,,
WD232,Business Information Systems                         261      261                            ,,
WD232,Business Information Systems                         261      261                            ,,
WD232,Business Information Systems                         261      261                            ,,
WD232,Business Information Systems                         261      261                            ,,
WD232,Business Information Systems                         261      261                            ,,
WD232,Business Information Systems                         261      261                            ,,
WD232,Business Information Systems                         261      261                            ,,
WD232,Business Information Systems                         261      261                            ,,
WD232,Business Information Systems                         261      261                            ,,
WD232,Business Information Systems                         261      261                            ,,
WD232,Business Information Systems                         261      261                            ,,
WD232,Business Information Systems                         261      261                            ,,
WD232,Business Information Systems                         261      261                            ,,
WD232,Business Information Systems                         261      261                            ,,
WD232,Business Information Systems                         261      261                            ,,
WD232,Business Information Systems                         261      261                            ,,
WD232,Business Information Systems                         261      261                            ,,
WD232,Business Information Systems                         261      261                            ,,
WD232,Business Information Systems                         261      261                            ,,
WD232,Business Information Systems                         261      261                            ,,
WD232,Business Information Systems                         261      261                            ,,
WD232,Business Information Systems                         261      261                            ,,
WD232,Business Information Systems                         261      261                            ,,
WD232,Business Information Systems                         261      261                            ,,
WD232,Business Information Systems                         261      261                            ,,
WD232,Business Information Systems                         261      261                            ,,
WD232,Business Information Systems                         261      261                            ,,
WD232,Business Information Systems                         261      261                            ,,
WD232,Business Information Systems                         261      261                            ,,
WD232,Business Information Systems                         261      261                            ,,
WD232,Business Information Systems                         261      261                            ,,
WD232,Business Information Systems                         261      261                            ,,
WD232,Business Information Systems                         261      261                            ,,
WD232,Business Information Systems                         261      261                            ,,
WD232,Business Information Systems                         261      261                            ,,
WD232,Business Information Systems                         261      261                            ,,
WD232,Business Information Systems                         261      261                            ,,
WD232,Business Information Systems                         261      261                            ,,
WD232,Business Information Systems                         261      261                            ,,
WD232,Business Information Systems                         261      261                            ,,
WD232,Business Information Systems                         261      261                            ,,
WD232,Business Information Systems                         261      261                            ,,
WD232,Business Information Systems                         261      261                            ,,
WD232,Business Information Systems                         261      261                            ,,
WD232,Business Information Systems                         261      261                            ,,
WD232,Business Information Systems                         261      261                            ,,
WD232,Business Information Systems                         261      261                            ,,
WD232,Business Information Systems                         261      261                            ,,
WD232,Business Information Systems                         261      261                            ,,
WD232,Business Information Systems                         261      261                            ,,
WD232,Business Information Systems                         261      261                            ,,
WD232,Business Information Systems                         261      261                            ,,
WD232,Business Information Systems                         261      261                            ,,
WD232,Business Information Systems                         261      261                            ,,
WD232,Business Information Systems                         261      261                            ,,
WD232,Business Information Systems                         261      261                            ,,
WD232,Business Information Systems                         261      261                            ,,
WD232,Business Information Systems                         261      261                            ,,
WD232,Business Information Systems                         261      261                            ,,
WD232,Business Information Systems                         261      261                            ,,
WD232,Business Information Systems                         261      261                            ,,
WD232,Business Information Systems                         261      261                            ,,
WD232,Business Information Systems                         261      261                            ,,
WD232,Business Information Systems                         261      261                            ,,
WD232,Business Information Systems                         261      261                            ,,
WD232,Business Information Systems                         261      261                            ,,
WD232,Business Information Systems                         261      261                            ,,
WD232,Business Information Systems                         261      261                            ,,
WD232,Business Information Systems                         261      261                            ,,
WD232,Business Information Systems                         261      261                            ,,
WD232,Business Information Systems                         261      261                            ,,
WD232,Business Information Systems                         261      261                            ,,
WD232,Business Information Systems                         261      261                            ,,
WD232,Business Information Systems                         261      261                            ,,
WD232,Business Information Systems                         261      261                            ,,
WD232,Business Information Systems                         261      261                            ,,
WD232,Business Information Systems                         261      261                            ,,
WD232,Business Information Systems                         261      261                            ,,
WD232,Business Information Systems                         261      261                            ,,
WD232,Business Information Systems                         261      261                            ,,
WD232,Business Information Systems                         261      261                            ,,
WD232,Business Information Systems                         261      261                            ,,
WD232,Business Information Systems                         261      261                            ,,
WD232,Business Information Systems                         261      261                            ,,
WD232,Business Information Systems                         261      261                            ,,
WD232,Business Information Systems                         261      261                            ,,
WD232,Business Information Systems                         261      261                            ,,
WD232,Business Information Systems                         261      261                            ,,
WD232,Business Information Systems                         261      261                            ,,
WD232,Business Information Systems                         261      261                            ,,
WD232,Business Information Systems                         261      261                            ,,
WD232,Business Information Systems                         261      261                            ,,
WD232,Business Information Systems                         261      261                            ,,
WD232,Business Information Systems                         261      261                            ,,
WD232,Business Information Systems                         261      261                            ,,
WD232,Business Information Systems                         261      261                            ,,
WD232,Business Information Systems                         261      261                            ,,
WD232,Business Information Systems                         261      261                            ,,
WD232,Business Information Systems                         261      261                            ,,
WD232,Business Information Systems                         261      261                            ,,
WD232,Business Information Systems                         261      261                            ,,
WD232,Business Information Systems                         261      261                            ,,
WD232,Business Information Systems                         261      261                            ,,
WD232,Business Information Systems                         261      261                            ,,
WD232,Business Information Systems                         261      261                            ,,
WD232,Business Information Systems                         261      261                            ,,
WD232,Business Information Systems                         261      261                            ,,
WD232,Business Information Systems                         261      261                            ,,
WD232,Business Information Systems                         261      261                            ,,
WD232,Business Information Systems                         261      261                            ,,
WD232,Business Information Systems                         261      261                            ,,
WD232,Business Information Systems                         261      261                            ,,
WD232,Business Information Systems                         261      261                            ,,
WD232,Business Information Systems                         261      261                            ,,
WD232,Business Information Systems                         261      261                            ,,
WD232,Business Information Systems                         261      261                            ,,
WD232,Business Information Systems                         261      261                            ,,
WD232,Business Information Systems                         261      261                            ,,
WD232,Business Information Systems                         261      261                            ,,
WD232,Business Information Systems                         261      261                            ,,
WD232,Business Information Systems                         261      261                            ,,
WD232,Business Information Systems                         261      261                            ,,
WD232,Business Information Systems                         261      261                            ,,
WD232,Business Information Systems                         261      261                            ,,
WD232,Business Information Systems                         261      261                            ,,
WD232,Business Information Systems                         261      261                            ,,
WD232,Business Information Systems                         261      261                            ,,
WD232,Business Information Systems                         261      261                            ,,
WD232,Business Information Systems                         261      261                            ,,
WD232,Business Information Systems                         261      261                            ,,
WD232,Business Information Systems                         261      261                            ,,
WD232,Business Information Systems                         261      261                            ,,
WD232,Business Information Systems                         261      261                            ,,
WD232,Business Information Systems                         261      261                            ,,
WD232,Business Information Systems                         261      261                            ,,
WD232,Business Information Systems                         261      261                            ,,
WD232,Business Information Systems                         261      261                            ,,
WD232,Business Information Systems                         261      261                            ,,
WD232,Business Information Systems                         261      261                            ,,
WD232,Business Information Systems                         261      261                            ,,
WD232,Business Information Systems                         261      261                            ,,
WD232,Business Information Systems                         261      261                            ,,
WD232,Business Information Systems                         261      261                            ,,
WD232,Business Information Systems                         261      261                            ,,
WD232,Business Information Systems                         261      261                            ,,
WD232,Business Information Systems                         261      261                            ,,
WD232,Business Information Systems                         261      261                            ,,
WD232,Business Information Systems                         261      261                            ,,
WD232,Business Information Systems                         261      261                            ,,
WD232,Business Information Systems                         261      261                            ,,
WD232,Business Information Systems                         261      261                            ,,
WD232,Business Information Systems                         261      261                            ,,
WD232,Business Information Systems                         261      261                            ,,
WD232,Business Information Systems                         261      261                            ,,
WD232,Business Information Systems                         261      261                            ,,
WD232,Business Information Systems                         261      261                            ,,
WD232,Business Information Systems                         261      261                            ,,
WD232,Business Information Systems                         261      261                            ,,
WD232,Business Information Systems                         261      261                            ,,
WD232,Business Information Systems                         261      261                            ,,
WD232,Business Information Systems                         261      261                            ,,
WD232,Business Information Systems                         261      261                            ,,
WD232,Business Information Systems                         261      261                            ,,
WD232,Business Information Systems                         261      261                            ,,
WD232,Business Information Systems                         261      261                            ,,
WD232,Business Information Systems                         261      261                            ,,
WD232,Business Information Systems                         261      261                            ,,
WD232,Business Information Systems                         261      261                            ,,
WD232,Business Information Systems                         261      261                            ,,
WD232,Business Information Systems                         261      261                            ,,
WD232,Business Information Systems                         261      261                            ,,
WD232,Business Information Systems                         261      261                            ,,
WD232,Business Information Systems                         261      261                            ,,
WD232,Business Information Systems                         261      261                            ,,
WD232,Business Information Systems                         261      261                            ,,
WD232,Business Information Systems                         261      261                            ,,
WD232,Business Information Systems                         261      261                            ,,
WD232,Business Information Systems                         261      261                            ,,
WD232,Business Information Systems                         261      261                            ,,
WD232,Business Information Systems                         261      261                            ,,
WD232,Business Information Systems                         261      261                            ,,
WD232,Business Information Systems                         261      261                            ,,
WD232,Business Information Systems                         261      261                            ,,
WD232,Business Information Systems                         261      261                            ,,
WD232,Business Information Systems                         261      261                            ,,
WD232,Business Information Systems                         261      261                            ,,
WD232,Business Information Systems                         261      261                            ,,
WD232,Business Information Systems                         261      261                            ,,
WD232,Business Information Systems                         261      261                            ,,
WD232,Business Information Systems                         261      261                            ,,
WD232,Business Information Systems                         261      261                            ,,
WD232,Business Information Systems                         261      261                            ,,
WD232,Business Information Systems                         261      261                            ,,
WD232,Business Information Systems                         261      261                            ,,
WD232,Business Information Systems                         261      261                            ,,
WD232,Business Information Systems                         261      261                            ,,
WD232,Business Information Systems                         261      261                            ,,
WD232,Business Information Systems                         261      261                            ,,
WD232,Business Information Systems                         261      261                            ,,
WD232,Business Information Systems                         261      261                            ,,
WD232,Business Information Systems                         261      261                            ,,
WD232,Business Information Systems                         261      261                            ,,
WD232,Business Information Systems                         261      261                            ,,
WD232,Business Information Systems                         261      261                            ,,
WD232,Business Information Systems                         261      261                            ,,
WD232,Business Information Systems                         261      261                            ,,
WD232,Business Information Systems                         261      261                            ,,
WD232,Business Information Systems                         261      261                            ,,
WD232,Business Information Systems                         261      261                            ,,
WD232,Business Information Systems                         261      261                            ,,
WD232,Business Information Systems                         261      261                            ,,
WD232,Business Information Systems                         261      261                            ,,
WD232,Business Information Systems                         261      261                            ,,
WD232,Business Information Systems                         261      261                            ,,
WD232,Business Information Systems                         261      261                            ,,
WD232,Business Information Systems                         261      261                            ,,
WD232,Business Information Systems                         261      261                            ,,
WD232,Business Information Systems                         261      261                            ,,
WD232,Business Information Systems                         261      261                            ,,
WD232,Business Information Systems                         261      261                            ,,
WD232,Business Information Systems                         261      261                            ,,
WD232,Business Information Systems                         261      261                            ,,
WD232,Business Information Systems                         261      261                            ,,
WD232,Business Information Systems                         261      261                            ,,
WD232,Business Information Systems                         261      261                            ,,
WD232,Business Information Systems                         261      261                            ,,
WD232,Business Information Systems                         261      261                            ,,
WD232,Business Information Systems                         261      261                            ,,
WD232,Business Information Systems                         261      261                            ,,
WD232,Business Information Systems                         261      261                            ,,
WD232,Business Information Systems                         261      261                            ,,
WD232,Business Information Systems                         261      261                            ,,
WD232,Business Information Systems                         261      261                            ,,
WD232,Business Information Systems                         261      261                            ,,
WD232,Business Information Systems                         261      261                            ,,
WD232,Business Information Systems                         261      261                            ,,
WD232,Business Information Systems                         261      261                            ,,
WD232,Business Information Systems                         261      261                            ,,
WD232,Business Information Systems                         261      261                            ,,
WD232,Business Information Systems                         261      261                            ,,
WD232,Business Information Systems                         261      261                            ,,
WD232,Business Information Systems                         261      261                            ,,
WD232,Business Information Systems                         261      261                            ,,
WD232,Business Information Systems                         261      261                            ,,
WD232,Business Information Systems                         261      261                            ,,
WD232,Business Information Systems                         261      261                            ,,
WD232,Business Information Systems                         261      261                            ,,
WD232,Business Information Systems                         261      261                            ,,
WD232,Business Information Systems                         261      261                            ,,
WD232,Business Information Systems                         261      261                            ,,
WD232,Business Information Systems                         261      261                            ,,
WD232,Business Information Systems                         261      261                            ,,
WD232,Business Information Systems                         261      261                            ,,
WD232,Business Information Systems                         261      261                            ,,
WD232,Business Information Systems                         261      261                            ,,
WD232,Business Information Systems                         261      261                            ,,
WD232,Business Information Systems                         261      261                            ,,
WD232,Business Information Systems                         261      261                            ,,
WD232,Business Information Systems                         261      261                            ,,
WD232,Business Information Systems                         261      261                            ,,
WD232,Business Information Systems                         261      261                            ,,
WD232,Business Information Systems                         261      261                            ,,
WD232,Business Information Systems                         261      261                            ,,
WD232,Business Information Systems                         261      261                            ,,
WD232,Business Information Systems                         261      261                            ,,
WD232,Business Information Systems                         261      261                            ,,
WD232,Business Information Systems                         261      261                            ,,
WD232,Business Information Systems                         261      261                            ,,
WD232,Business Information Systems                         261      261                            ,,
WD232,Business Information Systems                         261      261                            ,,
WD232,Business Information Systems                         261      261                            ,,
WD232,Business Information Systems                         261      261                            ,,
WD232,Business Information Systems                         261      261                            ,,
WD232,Business Information Systems                         261      261                            ,,
WD232,Business Information Systems                         261      261                            ,,
WD232,Business Information Systems                         261      261                            ,,
WD232,Business Information Systems                         261      261                            ,,
WD232,Business Information Systems                         261      261                            ,,
WD232,Business Information Systems                         261      261                            ,,
WD232,Business Information Systems                         261      261                            ,,
WD232,Business Information Systems                         261      261                            ,,
WD232,Business Information Systems                         261      261                            ,,
WD232,Business Information Systems                         261      261                            ,,
WD232,Business Information Systems                         261      261                            ,,
WD232,Business Information Systems                         261      261                            ,,
WD232,Business Information Systems                         261      261                            ,,
WD232,Business Information Systems                         261      261                            ,,
WD232,Business Information Systems                         261      261                            ,,
WD232,Business Information Systems                         261      261                            ,,
WD232,Business Information Systems                         261      261                            ,,
WD232,Business Information Systems                         261      261                            ,,
WD232,Business Information Systems                         261      261                            ,,
WD232,Business Information Systems                         261      261                            ,,
WD232,Business Information Systems                         261      261                            ,,
WD232,Business Information Systems                         261      261                            ,,
WD232,Business Information Systems                         261      261                            ,,
WD232,Business Information Systems                         261      261                            ,,
WD232,Business Information Systems                         261      261                            ,,
WD232,Business Information Systems                         261      261                            ,,
WD232,Business Information Systems                         261      261                            ,,
WD232,Business Information Systems                         261      261                            ,,
WD232,Business Information Systems                         261      261                            ,,
WD232,Business Information Systems                         261      261                            ,,
WD232,Business Information Systems                         261      261                            ,,
WD232,Business Information Systems                         261      261                            ,,
WD232,Business Information Systems                         261      261                            ,,
WD232,Business Information Systems                         261      261                            ,,
WD232,Business Information Systems                         261      261                            ,,
WD232,Business Information Systems                         261      261                            ,,
WD232,Business Information Systems                         261      261                            ,,
WD232,Business Information Systems                         261      261                            ,,
WD232,Business Information Systems                         261      261                            ,,
WD232,Business Information Systems                         261      261                            ,,
WD232,Business Information Systems                         261      261                            ,,
WD232,Business Information Systems                         261      261                            ,,
WD232,Business Information Systems                         261      261                            ,,
WD232,Business Information Systems                         261      261                            ,,
WD232,Business Information Systems                         261      261                            ,,
WD232,Business Information Systems                         261      261                            ,,
WD232,Business Information Systems                         261      261                            ,,
WD232,Business Information Systems                         261      261                            ,,
WD232,Business Information Systems                         261      261                            ,,
WD232,Business Information Systems                         261      261                            ,,
WD232,Business Information Systems                         261      261                            ,,
WD232,Business Information Systems                         261      261                            ,,
WD232,Business Information Systems                         261      261                            ,,
WD232,Business Information Systems                         261      261                            ,,
WD232,Business Information Systems                         261      261                            ,,
WD232,Business Information Systems                         261      261                            ,,
WD232,Business Information Systems                         261      261                            ,,
WD232,Business Information Systems                         261      261                            ,,
WD232,Business Information Systems                         261      261                            ,,
WD232,Business Information Systems                         261      261                            ,,
WD232,Business Information Systems                         261      261                            ,,
WD232,Business Information Systems                         261      261                            ,,
WD232,Business Information Systems                         261      261                            ,,
WD232,Business Information Systems                         261      261                            ,,
WD232,Business Information Systems                         261      261                            ,,
WD232,Business Information Systems                         261      261                            ,,
WD232,Business Information Systems                         261      261                            ,,
WD232,Business Information Systems                         261      261                            ,,
WD232,Business Information Systems                         261      261                            ,,
WD232,Business Information Systems                         261      261                            ,,
WD232,Business Information Systems                         261      261                            ,,
WD232,Business Information Systems                         261      261                            ,,
WD232,Business Information Systems                         261      261                            ,,
WD232,Business Information Systems                         261      261                            ,,
WD232,Business Information Systems                         261      261                            ,,
WD232,Business Information Systems                         261      261                            ,,
WD232,Business Information Systems                         261      261                            ,,
WD232,Business Information Systems                         261      261                            ,,
WD232,Business Information Systems                         261      261                            ,,
WD232,Business Information Systems                         261      261                            ,,
WD232,Business Information Systems                         261      261                            ,,
WD232,Business Information Systems                         261      261                            ,,
WD232,Business Information Systems                         261      261                            ,,
WD232,Business Information Systems                         261      261                            ,,
WD232,Business Information Systems                         261      261                            ,,
WD232,Business Information Systems                         261      261                            ,,
WD232,Business Information Systems                         261      261                            ,,
WD232,Business Information Systems                         261      261                            ,,
WD232,Business Information Systems                         261      261                            ,,
WD232,Business Information Systems                         261      261                            ,,
WD232,Business Information Systems                         261      261                            ,,
WD232,Business Information Systems                         261      261                            ,,
WD232,Business Information Systems                         261      261                            ,,
WD232,Business Information Systems                         261      261                            ,,
WD232,Business Information Systems                         261      261                            ,,
WD232,Business Information Systems                         261      261                            ,,
WD232,Business Information Systems                         261      261                            ,,
WD232,Business Information Systems                         261      261                            ,,
WD232,Business Information Systems                         261      261                            ,,
WD232,Business Information Systems                         261      261                            ,,
WD232,Business Information Systems                         261      261                            ,,
WD232,Business Information Systems                         261      261                            ,,
WD232,Business Information Systems                         261      261                            ,,
WD232,Business Information Systems                         261      261                            ,,
WD232,Business Information Systems                         261      261                            ,,
WD232,Business Information Systems                         261      261                            ,,
WD232,Business Information Systems                         261      261                            ,,
WD232,Business Information Systems                         261      261                            ,,
WD232,Business Information Systems                         261      261                            ,,
WD232,Business Information Systems                         261      261                            ,,
WD232,Business Information Systems                         261      261                            ,,
WD232,Business Information Systems                         261      261                            ,,
WD232,Business Information Systems                         261      261                            ,,
WD232,Business Information Systems                         261      261                            ,,
WD232,Business Information Systems                         261      261                            ,,
WD232,Business Information Systems                         261      261                            ,,
WD232,Business Information Systems                         261      261                            ,,
WD232,Business Information Systems                         261      261                            ,,
WD232,Business Information Systems                         261      261                            ,,
WD232,Business Information Systems                         261      261                            ,,
WD232,Business Information Systems                         261      261                            ,,
WD232,Business Information Systems                         261      261                            ,,
WD232,Business Information Systems                         261      261                            ,,
WD232,Business Information Systems                         261      261                            ,,
WD232,Business Information Systems                         261      261                            ,,
WD232,Business Information Systems                         261      261                            ,,
WD232,Business Information Systems                         261      261                            ,,
WD232,Business Information Systems                         261      261                            ,,
WD232,Business Information Systems                         261      261                            ,,
WD232,Business Information Systems                         261      261                            ,,
WD232,Business Information Systems                         261      261                            ,,
WD232,Business Information Systems                         261      261                            ,,
WD232,Business Information Systems                         261      261                            ,,
WD232,Business Information Systems                         261      261                            ,,
WD232,Business Information Systems                         261      261                            ,,
WD232,Business Information Systems                         261      261                            ,,
WD232,Business Information Systems                         261      261                            ,,
WD232,Business Information Systems                         261      261                            ,,
WD232,Business Information Systems                         261      261                            ,,
WD232,Business Information Systems                         261      261                            ,,
WD232,Business Information Systems                         261      261                            ,,
WD232,Business Information Systems                         261      261                            ,,
WD232,Business Information Systems                         261      261                            ,,
WD232,Business Information Systems                         261      261                            ,,
WD232,Business Information Systems                         261      261                            ,,
WD232,Business Information Systems                         261      261                            ,,
WD232,Business Information Systems                         261      261                            ,,
WD232,Business Information Systems                         261      261                            ,,
WD232,Business Information Systems                         261      261                            ,,
WD232,Business Information Systems                         261      261                            ,,
WD232,Business Information Systems                         261      261                            ,,
WD232,Business Information Systems                         261      261                            ,,
WD232,Business Information Systems                         261      261                            ,,
WD232,Business Information Systems                         261      261                            ,,
WD232,Business Information Systems                         261      261                            ,,
WD232,Business Information Systems                         261      261                            ,,
WD232,Business Information Systems                         261      261                            ,,
WD232,Business Information Systems                         261      261                            ,,
WD232,Business Information Systems                         261      261                            ,,
WD232,Business Information Systems                         261      261                            ,,
WD232,Business Information Systems                         261      261                            ,,
WD232,Business Information Systems                         261      261                            ,,
WD232,Business Information Systems                         261      261                            ,,
WD232,Business Information Systems                         261      261                            ,,
WD232,Business Information Systems                         261      261                            ,,
WD232,Business Information Systems                         261      261                            ,,
WD232,Business Information Systems                         261      261                            ,,
WD232,Business Information Systems                         261      261                            ,,
WD232,Business Information Systems                         261      261                            ,,
WD232,Business Information Systems                         261      261                            ,,
WD232,Business Information Systems                         261      261                            ,,
WD232,Business Information Systems                         261      261                            ,,
WD232,Business Information Systems                         261      261                            ,,
WD232,Business Information Systems                         261      261                            ,,
WD232,Business Information Systems                         261      261                            ,,
WD232,Business Information Systems                         261      261                            ,,
WD232,Business Information Systems                         261      261                            ,,
WD232,Business Information Systems                         261      261                            ,,
WD232,Business Information Systems                         261      261                            ,,
WD232,Business Information Systems                         261      261                            ,,
WD232,Business Information Systems                         261      261                            ,,
WD232,Business Information Systems                         261      261                            ,,
WD232,Business Information Systems                         261      261                            ,,
WD232,Business Information Systems                         261      261                            ,,
WD232,Business Information Systems                         261      261                            ,,
WD232,Business Information Systems                         261      261                            ,,
WD232,Business Information Systems                         261      261                            ,,
WD232,Business Information Systems                         261      261                            ,,
WD232,Business Information Systems                         261      261                            ,,
WD232,Business Information Systems                         261      261                            ,,
WD232,Business Information Systems                         261      261                            ,,
WD232,Business Information Systems                         261      261                            ,,
WD232,Business Information Systems                         261      261                            ,,
WD232,Business Information Systems                         261      261                            ,,
WD232,Business Information Systems                         261      261                            ,,
WD232,Business Information Systems                         261      261                            ,,
WD232,Business Information Systems                         261      261                            ,,
WD232,Business Information Systems                         261      261                            ,,
WD232,Business Information Systems                         261      261                            ,,
WD232,Business Information Systems                         261      261                            ,,
WD232,Business Information Systems                         261      261                            ,,
WD232,Business Information Systems                         261      261                            ,,
WD232,Business Information Systems                         261      261                            ,,
WD232,Business Information Systems                         261      261                            ,,
WD232,Business Information Systems                         261      261                            ,,
WD232,Business Information Systems                         261      261                            ,,
WD232,Business Information Systems                         261      261                            ,,
WD232,Business Information Systems                         261      261                            ,,
WD232,Business Information Systems                         261      261                            ,,
WD232,Business Information Systems                         261      261                            ,,
WD232,Business Information Systems                         261      261                            ,,
WD232,Business Information Systems                         261      261                            ,,
WD232,Business Information Systems                         261      261                            ,,
WD232,Business Information Systems                         261      261                            ,,
WD232,Business Information Systems                         261      261                            ,,
WD232,Business Information Systems                         261      261                            ,,
WD232,Business Information Systems                         261      261                            ,,
WD232,Business Information Systems                         261      261                            ,,
WD232,Business Information Systems                         261      261                            ,,
WD232,Business Information Systems                         261      261                            ,,
WD232,Business Information Systems                         261      261                            ,,
WD232,Business Information Systems                         261      261                            ,,
WD232,Business Information Systems                         261      261                            ,,
WD232,Business Information Systems                         261      261                            ,,
WD232,Business Information Systems                         261      261                            ,,
WD232,Business Information Systems                         261      261                            ,,
WD232,Business Information Systems                         261      261                            ,,
WD232,Business Information Systems                         261      261                            ,,
WD232,Business Information Systems                         261      261                            ,,
WD232,Business Information Systems                         261      261                            ,,
WD232,Business Information Systems                         261      261                            ,,
WD232,Business Information Systems                         261      261                            ,,
WD232,Business Information Systems                         261      261                            ,,
WD232,Business Information Systems                         261      261                            ,,
WD232,Business Information Systems                         261      261                            ,,
WD232,Business Information Systems                         261      261                            ,,
WD232,Business Information Systems                         261      261                            ,,
WD232,Business Information Systems                         261      261                            ,,
WD232,Business Information Systems                         261      261                            ,,
WD232,Business Information Systems                         261      261                            ,,
WD232,Business Information Systems                         261      261                            ,,
WD232,Business Information Systems                         261      261                            ,,
WD232,Business Information Systems                         261      261                            ,,
WD232,Business Information Systems                         261      261                            ,,
WD232,Business Information Systems                         261      261                            ,,
WD232,Business Information Systems                         261      261                            ,,
WD232,Business Information Systems                         261      261                            ,,
WD232,Business Information Systems                         261      261                            ,,
WD232,Business Information Systems                         261      261                            ,,
WD232,Business Information Systems                         261      261                            ,,
WD232,Business Information Systems                         261      261                            ,,
WD232,Business Information Systems                         261      261                            ,,
WD232,Business Information Systems                         261      261                            ,,
WD232,Business Information Systems                         261      261                            ,,
WD232,Business Information Systems                         261      261                            ,,
WD232,Business Information Systems                         261      261                            ,,
WD232,Business Information Systems                         261      261                            ,,
WD232,Business Information Systems                         261      261                            ,,
WD232,Business Information Systems                         261      261                            ,,
WD232,Business Information Systems                         261      261                            ,,
WD232,Business Information Systems                         261      261                            ,,
WD232,Business Information Systems                         261      261                            ,,
WD232,Business Information Systems                         261      261                            ,,
WD232,Business Information Systems                         261      261                            ,,
WD232,Business Information Systems                         261      261                            ,,
WD232,Business Information Systems                         261      261                            ,,
WD232,Business Information Systems                         261      261                            ,,
WD232,Business Information Systems                         261      261                            ,,
WD232,Business Information Systems                         261      261                            ,,
WD232,Business Information Systems                         261      261                            ,,
WD232,Business Information Systems                         261      261                            ,,
WD232,Business Information Systems                         261      261                            ,,
WD232,Business Information Systems                         261      261                            ,,
WD232,Business Information Systems                         261      261                            ,,
WD232,Business Information Systems                         261      261                            ,,
WD232,Business Information Systems                         261      261                            ,,
WD232,Business Information Systems                         261      261                            ,,
WD232,Business Information Systems                         261      261                            ,,
WD232,Business Information Systems                         261      261                            ,,
WD232,Business Information Systems                         261      261                            ,,
WD232,Business Information Systems                         261      261                            ,,
WD232,Business Information Systems                         261      261                            ,,
WD232,Business Information Systems                         261      261                            ,,
WD232,Business Information Systems                         261      261                            ,,
WD232,Business Information Systems                         261      261                            ,,
WD232,Business Information Systems                         261      261                            ,,
WD232,Business Information Systems                         261      261                            ,,
WD232,Business Information Systems                         261      261                            ,,
WD232,Business Information Systems                         261      261                            ,,
WD232,Business Information Systems                         261      261                            ,,
WD232,Business Information Systems                         261      261                            ,,
WD232,Business Information Systems                         261      261                            ,,
WD232,Business Information Systems                         261      261                            ,,
WD232,Business Information Systems                         261      261                            ,,
WD232,Business Information Systems                         261      261                            ,,
WD232,Business Information Systems                         261      261                            ,,
WD232,Business Information Systems                         261      261                            ,,
WD232,Business Information Systems                         261      261                            ,,
WD232,Business Information Systems                         261      261                            ,,
WD232,Business Information Systems                         261      261                            ,,
WD232,Business Information Systems                         261      261                            ,,
WD232,Business Information Systems                         261      261                            ,,
WD232,Business Information Systems                         261      261                            ,,
WD232,Business Information Systems                         261      261                            ,,
WD232,Business Information Systems                         261      261                            ,,
WD232,Business Information Systems                         261      261                            ,,
WD232,Business Information Systems                         261      261                            ,,
WD232,Business Information Systems                         261      261                            ,,
WD232,Business Information Systems                         261      261                            ,,
WD232,Business Information Systems                         261      261                            ,,
WD232,Business Information Systems                         261      261                            ,,
WD232,Business Information Systems                         261      261                            ,,
WD232,Business Information Systems                         261      261                            ,,
